,"perfect.match","single.nucleotide.mismatch","with.n.in.third","barcode.swaps","steph.swaps","others","one.half.good","sequence"
"Alex_1",0.000232926340979513,1.116806796029e-05,3.8438378247347e-05,4.60998810611172e-07,8.3277204497502e-07,0.034422049538611,98832,"TCGCCTTATAGATCGC"
"Alex_2",0.000203954096586296,2.13239088339453e-05,3.26138504072187e-05,7.48975507514561e-08,7.2016875722554e-07,0.0322522242913304,115992,"CTAGTACGCTCTCTAT"
"Alex_3",0.000122018261622421,1.43636088051303e-05,1.99721615802827e-05,8.82846121309802e-08,4.7118191867658e-07,0.0373356864654333,164320,"TTCTGCCTTATCCTCT"
"Alex_4",0.000134741218934976,8.08465277009987e-06,2.19804654816019e-05,7.07308880039288e-08,4.8669587221751e-07,0.0379963032389114,153107,"GCTCAGGAAGAGTAGA"
"Alex_5",0.000128306503586573,7.15176413096388e-06,2.09873178297235e-05,1.61456192175831e-07,4.06869604283094e-07,0.0373477095516569,164160,"AGGAGTCCGTAAGGAG"
"Alex_6",0.000131465331525405,8.04150521315835e-06,2.10872015737687e-05,3.74958202081343e-07,4.02431394635471e-07,0.0362898325271627,164564,"CATGCCTAACTGCATA"
"Alex_7",0.000128735146998451,7.07971219203072e-06,2.08542069794841e-05,6.24320441141614e-07,6.16839477249939e-07,0.0493014838350421,122116,"GTAGAGAGAAGGAGTA"
"Alex_8",0.00016633980502871,8.28421198001286e-06,2.68590219903771e-05,1.3343972708595e-07,6.18612888644608e-07,0.0313950287107685,152556,"CCTCTCTGCTAAGCCT"
